{
    "0":{
        "year":"2014",
        "country":"Brazil",
        "traffic_time_index":43.0204081633,
        "quality_of_life_index":38.75864288,
        "healthcare_index":53.7231881515,
        "purchasing_power_incl_rent_index":43.2866290229,
        "house_price_to_income_ratio":14.9622613512,
        "pollution_index":57.5836883059,
        "safety_index":32.9977405746,
        "cpi_index":60.5973527985
    },
    "1":{
        "year":"2015",
        "country":"Brazil",
        "traffic_time_index":46.3398058252,
        "quality_of_life_index":29.842610988,
        "healthcare_index":52.1537505129,
        "purchasing_power_incl_rent_index":41.1568469633,
        "house_price_to_income_ratio":16.7046468688,
        "pollution_index":58.0291348215,
        "safety_index":31.0455231259,
        "cpi_index":55.3346105217
    },
    "2":{
        "year":"2016",
        "country":"Brazil",
        "traffic_time_index":46.1213592233,
        "quality_of_life_index":101.0231035721,
        "healthcare_index":51.0851422914,
        "purchasing_power_incl_rent_index":48.6905923833,
        "house_price_to_income_ratio":17.9467064273,
        "pollution_index":61.1809262106,
        "safety_index":28.7661557627,
        "cpi_index":38.8773118363
    },
    "3":{
        "year":"2017",
        "country":"Brazil",
        "traffic_time_index":46.3923611111,
        "quality_of_life_index":96.1525651172,
        "healthcare_index":51.7047325401,
        "purchasing_power_incl_rent_index":42.3759819838,
        "house_price_to_income_ratio":16.9620330302,
        "pollution_index":61.1724080253,
        "safety_index":29.3834907032,
        "cpi_index":53.0707240409
    },
    "4":{
        "year":"2018",
        "country":"Brazil",
        "traffic_time_index":45.272264631,
        "quality_of_life_index":100.1261113452,
        "healthcare_index":52.6502833047,
        "purchasing_power_incl_rent_index":41.5509262444,
        "house_price_to_income_ratio":16.2619549296,
        "pollution_index":59.484171776,
        "safety_index":29.4461066653,
        "cpi_index":51.3278862626
    },
    "5":{
        "year":"2019",
        "country":"Brazil",
        "traffic_time_index":43.3676222597,
        "quality_of_life_index":100.3313904441,
        "healthcare_index":54.6358021919,
        "purchasing_power_incl_rent_index":37.4322910565,
        "house_price_to_income_ratio":18.7174488278,
        "pollution_index":57.7197185869,
        "safety_index":29.763654654,
        "cpi_index":42.7983945806
    },
    "6":{
        "year":"2020",
        "country":"Brazil",
        "traffic_time_index":41.6987012987,
        "quality_of_life_index":105.6463344485,
        "healthcare_index":56.2903904461,
        "purchasing_power_incl_rent_index":32.8087326733,
        "house_price_to_income_ratio":16.4140972209,
        "pollution_index":54.9791419151,
        "safety_index":31.1151235057,
        "cpi_index":40.2222763197
    },
    "7":{
        "year":"2021",
        "country":"Brazil",
        "traffic_time_index":41.714619883,
        "quality_of_life_index":104.7485002712,
        "healthcare_index":57.3294367627,
        "purchasing_power_incl_rent_index":28.6622045986,
        "house_price_to_income_ratio":16.1274892159,
        "pollution_index":54.5342478447,
        "safety_index":32.1535765698,
        "cpi_index":31.8212994586
    },
    "8":{
        "year":"2022",
        "country":"Brazil",
        "traffic_time_index":41.2798672566,
        "quality_of_life_index":107.0381312653,
        "healthcare_index":57.8428639497,
        "purchasing_power_incl_rent_index":27.8496021105,
        "house_price_to_income_ratio":16.2625500021,
        "pollution_index":53.8409108945,
        "safety_index":32.9944826389,
        "cpi_index":33.2397895723
    }
}