{
    "1":{
        "year":"2014",
        "country":"India",
        "traffic_time_index":47.7203508772,
        "quality_of_life_index":78.012149742,
        "healthcare_index":64.6189119269,
        "purchasing_power_incl_rent_index":62.3308719313,
        "house_price_to_income_ratio":10.1557953,
        "pollution_index":74.3449605054,
        "safety_index":56.3043621996,
        "cpi_index":26.6986162925
    },
    "2":{
        "year":"2015",
        "country":"India",
        "traffic_time_index":45.2382320442,
        "quality_of_life_index":78.6003025427,
        "healthcare_index":66.8589428719,
        "purchasing_power_incl_rent_index":65.785995163,
        "house_price_to_income_ratio":10.0567443216,
        "pollution_index":77.7171551103,
        "safety_index":53.4508292593,
        "cpi_index":26.2676311256
    },
    "3":{
        "year":"2016",
        "country":"India",
        "traffic_time_index":45.9804892966,
        "quality_of_life_index":109.2772791501,
        "healthcare_index":66.46813362,
        "purchasing_power_incl_rent_index":89.6499845021,
        "house_price_to_income_ratio":10.5425546319,
        "pollution_index":77.0184217636,
        "safety_index":53.4092176262,
        "cpi_index":24.1377049623
    },
    "4":{
        "year":"2017",
        "country":"India",
        "traffic_time_index":46.3831219512,
        "quality_of_life_index":101.5242986422,
        "healthcare_index":69.1793382213,
        "purchasing_power_incl_rent_index":76.7294079948,
        "house_price_to_income_ratio":10.2764746134,
        "pollution_index":76.5346880926,
        "safety_index":56.0395914699,
        "cpi_index":25.0834833353
    },
    "5":{
        "year":"2018",
        "country":"India",
        "traffic_time_index":46.764373057,
        "quality_of_life_index":122.0875039431,
        "healthcare_index":67.3924338732,
        "purchasing_power_incl_rent_index":79.2731693422,
        "house_price_to_income_ratio":9.7324292866,
        "pollution_index":75.8875414206,
        "safety_index":55.8409049722,
        "cpi_index":26.8762486343
    },
    "6":{
        "year":"2019",
        "country":"India",
        "traffic_time_index":45.7106504065,
        "quality_of_life_index":117.5058189705,
        "healthcare_index":68.3228020336,
        "purchasing_power_incl_rent_index":66.9132916354,
        "house_price_to_income_ratio":11.331478747,
        "pollution_index":75.8063899301,
        "safety_index":57.2821068218,
        "cpi_index":24.1724511158
    },
    "7":{
        "year":"2020",
        "country":"India",
        "traffic_time_index":46.9910627781,
        "quality_of_life_index":108.627196164,
        "healthcare_index":67.126993832,
        "purchasing_power_incl_rent_index":54.3039290997,
        "house_price_to_income_ratio":11.3759893668,
        "pollution_index":78.8674971392,
        "safety_index":56.6777485733,
        "cpi_index":24.5831364892
    },
    "8":{
        "year":"2021",
        "country":"India",
        "traffic_time_index":46.6582374101,
        "quality_of_life_index":104.5193936846,
        "healthcare_index":66.2465718729,
        "purchasing_power_incl_rent_index":47.1319573625,
        "house_price_to_income_ratio":11.3090712829,
        "pollution_index":79.6249618048,
        "safety_index":55.2801188232,
        "cpi_index":25.15751355
    },
    "9":{
        "year":"2022",
        "country":"India",
        "traffic_time_index":46.5203285776,
        "quality_of_life_index":110.9864243433,
        "healthcare_index":65.66255673,
        "purchasing_power_incl_rent_index":49.7199561155,
        "house_price_to_income_ratio":10.1561658776,
        "pollution_index":73.0548260433,
        "safety_index":55.3737329472,
        "cpi_index":24.4327899901
    },
    "10":{
        "year":"2014",
        "country":"Brazil",
        "traffic_time_index":43.0204081633,
        "quality_of_life_index":38.75864288,
        "healthcare_index":53.7231881515,
        "purchasing_power_incl_rent_index":43.2866290229,
        "house_price_to_income_ratio":14.9622613512,
        "pollution_index":57.5836883059,
        "safety_index":32.9977405746,
        "cpi_index":60.5973527985
    },
    "11":{
        "year":"2015",
        "country":"Brazil",
        "traffic_time_index":46.3398058252,
        "quality_of_life_index":29.842610988,
        "healthcare_index":52.1537505129,
        "purchasing_power_incl_rent_index":41.1568469633,
        "house_price_to_income_ratio":16.7046468688,
        "pollution_index":58.0291348215,
        "safety_index":31.0455231259,
        "cpi_index":55.3346105217
    },
    "12":{
        "year":"2016",
        "country":"Brazil",
        "traffic_time_index":46.1213592233,
        "quality_of_life_index":101.0231035721,
        "healthcare_index":51.0851422914,
        "purchasing_power_incl_rent_index":48.6905923833,
        "house_price_to_income_ratio":17.9467064273,
        "pollution_index":61.1809262106,
        "safety_index":28.7661557627,
        "cpi_index":38.8773118363
    },
    "13":{
        "year":"2017",
        "country":"Brazil",
        "traffic_time_index":46.3923611111,
        "quality_of_life_index":96.1525651172,
        "healthcare_index":51.7047325401,
        "purchasing_power_incl_rent_index":42.3759819838,
        "house_price_to_income_ratio":16.9620330302,
        "pollution_index":61.1724080253,
        "safety_index":29.3834907032,
        "cpi_index":53.0707240409
    },
    "14":{
        "year":"2018",
        "country":"Brazil",
        "traffic_time_index":45.272264631,
        "quality_of_life_index":100.1261113452,
        "healthcare_index":52.6502833047,
        "purchasing_power_incl_rent_index":41.5509262444,
        "house_price_to_income_ratio":16.2619549296,
        "pollution_index":59.484171776,
        "safety_index":29.4461066653,
        "cpi_index":51.3278862626
    },
    "15":{
        "year":"2019",
        "country":"Brazil",
        "traffic_time_index":43.3676222597,
        "quality_of_life_index":100.3313904441,
        "healthcare_index":54.6358021919,
        "purchasing_power_incl_rent_index":37.4322910565,
        "house_price_to_income_ratio":18.7174488278,
        "pollution_index":57.7197185869,
        "safety_index":29.763654654,
        "cpi_index":42.7983945806
    },
    "16":{
        "year":"2020",
        "country":"Brazil",
        "traffic_time_index":41.6987012987,
        "quality_of_life_index":105.6463344485,
        "healthcare_index":56.2903904461,
        "purchasing_power_incl_rent_index":32.8087326733,
        "house_price_to_income_ratio":16.4140972209,
        "pollution_index":54.9791419151,
        "safety_index":31.1151235057,
        "cpi_index":40.2222763197
    },
    "17":{
        "year":"2021",
        "country":"Brazil",
        "traffic_time_index":41.714619883,
        "quality_of_life_index":104.7485002712,
        "healthcare_index":57.3294367627,
        "purchasing_power_incl_rent_index":28.6622045986,
        "house_price_to_income_ratio":16.1274892159,
        "pollution_index":54.5342478447,
        "safety_index":32.1535765698,
        "cpi_index":31.8212994586
    },
    "18":{
        "year":"2022",
        "country":"Brazil",
        "traffic_time_index":41.2798672566,
        "quality_of_life_index":107.0381312653,
        "healthcare_index":57.8428639497,
        "purchasing_power_incl_rent_index":27.8496021105,
        "house_price_to_income_ratio":16.2625500021,
        "pollution_index":53.8409108945,
        "safety_index":32.9944826389,
        "cpi_index":33.2397895723
    },
    "19":{
        "year":"2014",
        "country":"Iran",
        "traffic_time_index":54.45,
        "quality_of_life_index":-11.08353261,
        "healthcare_index":48.6007380334,
        "purchasing_power_incl_rent_index":30.330067489,
        "house_price_to_income_ratio":20.6288857793,
        "pollution_index":86.0673228522,