{
    "0":{
        "year":"2014",
        "country":"India",
        "traffic_time_index":47.7203508772,
        "quality_of_life_index":78.012149742,
        "healthcare_index":64.6189119269,
        "purchasing_power_incl_rent_index":62.3308719313,
        "house_price_to_income_ratio":10.1557953,
        "pollution_index":74.3449605054,
        "safety_index":56.3043621996,
        "cpi_index":26.6986162925
    },
    "1":{
        "year":"2015",
        "country":"India",
        "traffic_time_index":45.2382320442,
        "quality_of_life_index":78.6003025427,
        "healthcare_index":66.8589428719,
        "purchasing_power_incl_rent_index":65.785995163,
        "house_price_to_income_ratio":10.0567443216,
        "pollution_index":77.7171551103,
        "safety_index":53.4508292593,
        "cpi_index":26.2676311256
    },
    "2":{
        "year":"2016",
        "country":"India",
        "traffic_time_index":45.9804892966,
        "quality_of_life_index":109.2772791501,
        "healthcare_index":66.46813362,
        "purchasing_power_incl_rent_index":89.6499845021,
        "house_price_to_income_ratio":10.5425546319,
        "pollution_index":77.0184217636,
        "safety_index":53.4092176262,
        "cpi_index":24.1377049623
    },
    "3":{
        "year":"2017",
        "country":"India",
        "traffic_time_index":46.3831219512,
        "quality_of_life_index":101.5242986422,
        "healthcare_index":69.1793382213,
        "purchasing_power_incl_rent_index":76.7294079948,
        "house_price_to_income_ratio":10.2764746134,
        "pollution_index":76.5346880926,
        "safety_index":56.0395914699,
        "cpi_index":25.0834833353
    },
    "4":{
        "year":"2018",
        "country":"India",
        "traffic_time_index":46.764373057,
        "quality_of_life_index":122.0875039431,
        "healthcare_index":67.3924338732,
        "purchasing_power_incl_rent_index":79.2731693422,
        "house_price_to_income_ratio":9.7324292866,
        "pollution_index":75.8875414206,
        "safety_index":55.8409049722,
        "cpi_index":26.8762486343
    },
    "5":{
        "year":"2019",
        "country":"India",
        "traffic_time_index":45.7106504065,
        "quality_of_life_index":117.5058189705,
        "healthcare_index":68.3228020336,
        "purchasing_power_incl_rent_index":66.9132916354,
        "house_price_to_income_ratio":11.331478747,
        "pollution_index":75.8063899301,
        "safety_index":57.2821068218,
        "cpi_index":24.1724511158
    },
    "6":{
        "year":"2020",
        "country":"India",
        "traffic_time_index":46.9910627781,
        "quality_of_life_index":108.627196164,
        "healthcare_index":67.126993832,
        "purchasing_power_incl_rent_index":54.3039290997,
        "house_price_to_income_ratio":11.3759893668,
        "pollution_index":78.8674971392,
        "safety_index":56.6777485733,
        "cpi_index":24.5831364892
    },
    "7":{
        "year":"2021",
        "country":"India",
        "traffic_time_index":46.6582374101,
        "quality_of_life_index":104.5193936846,
        "healthcare_index":66.2465718729,
        "purchasing_power_incl_rent_index":47.1319573625,
        "house_price_to_income_ratio":11.3090712829,
        "pollution_index":79.6249618048,
        "safety_index":55.2801188232,
        "cpi_index":25.15751355
    },
    "8":{
        "year":"2022",
        "country":"India",
        "traffic_time_index":46.5203285776,
        "quality_of_life_index":110.9864243433,
        "healthcare_index":65.66255673,
        "purchasing_power_incl_rent_index":49.7199561155,
        "house_price_to_income_ratio":10.1561658776,
        "pollution_index":73.0548260433,
        "safety_index":55.3737329472,
        "cpi_index":24.4327899901
    }
}