{
    "0":{
        "year":"2014",
        "country":"Iran",
        "traffic_time_index":54.45,
        "quality_of_life_index":-11.08353261,
        "healthcare_index":48.6007380334,
        "purchasing_power_incl_rent_index":30.330067489,
        "house_price_to_income_ratio":20.6288857793,
        "pollution_index":86.0673228522,
        "safety_index":44.9850161742,
        "cpi_index":49.5131841779
    },
    "1":{
        "year":"2015",
        "country":"Iran",
        "traffic_time_index":47.4444444444,
        "quality_of_life_index":1.0685153809,
        "healthcare_index":50.1205853289,
        "purchasing_power_incl_rent_index":30.6471745395,
        "house_price_to_income_ratio":20.7778633477,
        "pollution_index":82.2782659497,
        "safety_index":49.0990038547,
        "cpi_index":44.5349492343
    },
    "2":{
        "year":"2016",
        "country":"Iran",
        "traffic_time_index":48.1458333333,
        "quality_of_life_index":96.9271289999,
        "healthcare_index":49.8335070573,
        "purchasing_power_incl_rent_index":47.7334829374,
        "house_price_to_income_ratio":14.7835747059,
        "pollution_index":84.2102458911,
        "safety_index":47.6282564514,
        "cpi_index":41.1209394033
    },
    "3":{
        "year":"2017",
        "country":"Iran",
        "traffic_time_index":49.7025316456,
        "quality_of_life_index":97.171459947,
        "healthcare_index":51.5511911808,
        "purchasing_power_incl_rent_index":43.1781470437,
        "house_price_to_income_ratio":13.5021090345,
        "pollution_index":82.512215779,
        "safety_index":49.1021893911,
        "cpi_index":38.2592936209
    },
    "4":{
        "year":"2018",
        "country":"Iran",
        "traffic_time_index":49.4605263158,
        "quality_of_life_index":92.4266325684,
        "healthcare_index":51.2183972094,
        "purchasing_power_incl_rent_index":45.6045850909,
        "house_price_to_income_ratio":12.4538820922,
        "pollution_index":81.2116207641,
        "safety_index":50.598648666,
        "cpi_index":34.5627146566
    },
    "5":{
        "year":"2019",
        "country":"Iran",
        "traffic_time_index":48.3784722222,
        "quality_of_life_index":87.0215936641,
        "healthcare_index":51.1806492224,
        "purchasing_power_incl_rent_index":37.7357209729,
        "house_price_to_income_ratio":16.8745503466,
        "pollution_index":79.3463227663,
        "safety_index":50.6681462205,
        "cpi_index":35.8019099641
    },
    "6":{
        "year":"2020",
        "country":"Iran",
        "traffic_time_index":48.0142045455,
        "quality_of_life_index":74.1439673574,
        "healthcare_index":51.6992440263,
        "purchasing_power_incl_rent_index":22.6914917535,
        "house_price_to_income_ratio":25.1105277298,
        "pollution_index":77.4463303416,
        "safety_index":50.7489248614,
        "cpi_index":39.0077092912
    },
    "7":{
        "year":"2021",
        "country":"Iran",
        "traffic_time_index":47.4333333333,
        "quality_of_life_index":64.7263917123,
        "healthcare_index":52.2485700376,
        "purchasing_power_incl_rent_index":18.9954176423,
        "house_price_to_income_ratio":34.2356596343,
        "pollution_index":76.129964993,
        "safety_index":50.811021102,
        "cpi_index":41.3357605508
    },
    "8":{
        "year":"2022",
        "country":"Iran",
        "traffic_time_index":47.1180904523,
        "quality_of_life_index":64.8892666192,
        "healthcare_index":52.2967530754,
        "purchasing_power_incl_rent_index":17.9838266627,
        "house_price_to_income_ratio":33.0018064265,
        "pollution_index":75.3981442022,
        "safety_index":50.8930636699,
        "cpi_index":37.3916659135
    }
}